,name,name:fa,name:en,brand,brand:fa,brand:en,atm,building:levels,geometry,brand:wikidata,area_m2,lon,lat
0,بانک ملی,,Bank Melli Iran,بانک ملی,,Bank Melli Iran,yes,,POINT (50.0136315 36.290997100000006),Q806640,0.0,50.0136315,36.290997100000006
1,بانک مسکن,,Bank Maskan,بانک مسکن,,Bank Maskan,yes,,POINT (50.020341 36.298838599999996),Q4855942,0.0,50.020341,36.298838599999996
2,بانک سپه,,Bank Sepah,بانک سپه,,Bank Sepah,yes,,POINT (50.0128142 36.28968869999999),Q2882624,0.0,50.0128142,36.28968869999999
3,بانک ملت,,Bank Mellat,بانک ملت,,Bank Mellat,yes,,POINT (50.0124044 36.28901579999999),Q4855944,0.0,50.0124044,36.28901579999999
4,بانک صادرات,بانک صادرات,Bank Saderat Iran,بانک صادرات,بانک صادرات,Bank Saderat Iran,yes,,POINT (50.0192897 36.2974123),Q2882608,0.0,50.0192897,36.2974123
5,بانک ملت,,Bank Mellat,بانک ملت,,Bank Mellat,yes,,POINT (50.0174741 36.2954644),Q4855944,0.0,50.0174741,36.2954644
6,بانک مهر,,Mehr,,,,yes,,POINT (50.0188637 36.29683180000001),,0.0,50.0188637,36.29683180000001
7,بانک رفاه,,Refah Bank,بانک رفاه,,Refah Bank,yes,,POINT (50.0189508 36.2969425),Q7307083,0.0,50.0189508,36.2969425
8,بانک مسکن,,Bank Maskan,بانک مسکن,,Bank Maskan,yes,,POINT (50.0090602 36.284297300000006),Q4855942,0.0,50.0090602,36.284297300000006
9,بانک سپه,,Bank Sepah,بانک سپه,,Bank Sepah,yes,,POINT (50.0038568 36.2621808),Q2882624,0.0,50.0038568,36.2621808
10,بانک سپه,,Bank Sepah,بانک سپه,,Bank Sepah,yes,,POINT (50.0009069 36.2844211),Q2882624,0.0,50.0009069,36.2844211
11,بانک ملی,,Melli Bank,,,,yes,,POINT (49.9953776 36.285617),,0.0,49.9953776,36.285617
12,بانک اقتصاد نوین,,EN Bank,بانک اقتصاد نوین,,EN Bank,yes,,POINT (50.0034025 36.27052049999999),Q5323768,0.0,50.0034025,36.27052049999999
13,بانک مسکن,,Bank Maskan,بانک مسکن,,Bank Maskan,,,POINT (50.0134178 36.3091883),Q4855942,0.0,50.0134178,36.3091883
14,بانک مسکن,,Bank Maskan,بانک مسکن,,Bank Maskan,,,POINT (50.0193505 36.266403700000005),Q4855942,0.0,50.0193505,36.266403700000005
15,بانک صادرات,,Bank Saderat Iran,بانک صادرات,,Bank Saderat Iran,,,POINT (50.0188852 36.26647969999999),Q2882608,0.0,50.0188852,36.26647969999999
16,بانک ملت,,Bank Mellat,بانک ملت,,Bank Mellat,yes,,POINT (50.0200771 36.2666363),Q4855944,0.0,50.0200771,36.2666363
17,بانک سامان,,Saman Bank,بانک سامان,,Saman Bank,yes,,POINT (50.0096557 36.2800427),Q4117676,0.0,50.0096557,36.2800427
18,بانک ملی,بانک ملی,Bank Melli Iran,بانک ملی,بانک ملی,Bank Melli Iran,,,POINT (49.9920089 36.2712345),Q806640,0.0,49.9920089,36.2712345
19,بانک گردشگری,,Gardeshgari,,,,yes,,POINT (50.008093 36.2822285),,0.0,50.008093,36.2822285
20,بانک مسکن,,Bank Maskan,بانک مسکن,,Bank Maskan,,,POINT (50.0098207 36.29762759999999),Q4855942,0.0,50.0098207,36.29762759999999
21,موسسه اعتباری ثامن,,Samen Bank,,,,,,POINT (50.0097636 36.2806284),,0.0,50.0097636,36.2806284
22,بانک تجارت,,Tejarat Bank,بانک تجارت,,,yes,,POINT (50.0122286 36.2779331),Q7695198,0.0,50.0122286,36.2779331
23,بانک مسکن,,Bank Maskan,بانک مسکن,,Bank Maskan,yes,,POINT (50.0119453 36.2775209),Q4855942,0.0,50.0119453,36.2775209
24,بانک ملی,,Bank Melli Iran,بانک ملی,,Bank Melli Iran,,,POINT (49.9981612 36.2750811),Q806640,0.0,49.9981612,36.2750811
25,بانک کشاورزی,,Bank Keshavarzi Iran,بانک کشاورزی,,Bank Keshavarzi Iran,,,POINT (49.9974156 36.2721726),Q6395007,0.0,49.9974156,36.2721726
26,بانک صادرات,بانک صادرات,Bank Saderat Iran,بانک صادرات,بانک صادرات,Bank Saderat Iran,,,POINT (50.0141564 36.259915799999995),Q2882608,0.0,50.0141564,36.259915799999995
27,بانک صادرات,بانک صادرات,Bank Saderat Iran,بانک صادرات,بانک صادرات,Bank Saderat Iran,yes,,POINT (50.0055085 36.27128439999999),Q2882608,0.0,50.0055085,36.27128439999999
28,بانک کشاورزی,,Bank Keshavarzi Iran,بانک کشاورزی,,Bank Keshavarzi Iran,yes,,POINT (50.0067944 36.25909419999999),Q6395007,0.0,50.0067944,36.25909419999999
29,بانک سپه,,Bank Sepah,بانک سپه,,Bank Sepah,yes,,POINT (50.0057732 36.259406999999996),Q2882624,0.0,50.0057732,36.259406999999996
30,بانک رفاه,,Refah Bank,بانک رفاه,,Refah Bank,yes,,POINT (50.0053627 36.2594438),Q7307083,0.0,50.0053627,36.2594438
31,بانک شهر,بانک شهر,Shahr Bank,بانک شهر,بانک شهر,Shahr Bank,,,POINT (50.0148479 36.2919228),Q5941033,0.0,50.0148479,36.2919228
32,بانک سپه,,Sepah Bank,,,,,,POINT (50.01975310000001 36.28040980000001),,0.0,50.01975310000001,36.28040980000001
33,بانک صنعت و معدن,,Bank of Industry and Mine,,,,yes,,POINT (50.020861000000004 36.282184900000004),,0.0,50.020861000000004,36.282184900000004
34,بانک قوامین,بانک قوامین,Ghavamin Bank,بانک قوامین,بانک قوامین,Ghavamin Bank,,,POINT (50.017739 36.29531540000001),Q10860253,0.0,50.017739,36.29531540000001
35,بانک مهر اقتصاد,,Mehr Eqtesad Bank,بانک مهر اقتصاد,,,yes,,POINT (50.0036922 36.2595774),Q5942921,0.0,50.0036922,36.2595774
36,بانک ملی,,Bank Melli Iran,بانک ملی,,Bank Melli Iran,,,POINT (49.9971289 36.26012449999999),Q806640,0.0,49.9971289,36.26012449999999
37,بانک تجارت,,Tejarat Bank,بانک تجارت,,,yes,,POINT (50.0036076 36.26145249999999),Q7695198,0.0,50.0036076,36.26145249999999
38,بانک ملی,,Bank Melli Iran,بانک ملی,,Bank Melli Iran,yes,,POINT (50.0034878 36.2623536),Q806640,0.0,50.0034878,36.2623536
39,بانک ملت,,Bank Mellat,بانک ملت,,Bank Mellat,yes,,POINT (50.0034703 36.26246209999999),Q4855944,0.0,50.0034703,36.26246209999999
40,بانک ملی,,Bank Melli Iran,بانک ملی,,Bank Melli Iran,yes,,POINT (50.0031821 36.2732704),Q806640,0.0,50.0031821,36.2732704
41,بانک صادرات,,Bank Saderat Iran,بانک صادرات,,Bank Saderat Iran,,,POINT (50.00675770000001 36.26892159999999),Q2882608,0.0,50.00675770000001,36.26892159999999
42,بانک سپه,,Bank Sepah,بانک سپه,,Bank Sepah,yes,,POINT (50.0101429 36.268096),Q2882624,0.0,50.0101429,36.268096
43,بانک مسکن,,Bank Maskan,بانک مسکن,,Bank Maskan,yes,,POINT (50.0235935 36.3031066),Q4855942,0.0,50.0235935,36.3031066
44,بانک تجارت,,Tejarat Bank,,,,,,POINT (49.9897279 36.26053639999999),,0.0,49.9897279,36.26053639999999
45,بانک صادرات,بانک صادرات,Bank Saderat Iran,بانک صادرات,بانک صادرات,Bank Saderat Iran,,,POINT (50.0091581 36.2966626),Q2882608,0.0,50.0091581,36.2966626
46,بانک تجارت,,Tejarat Bank,,,,,,POINT (50.0092112 36.2972146),,0.0,50.0092112,36.2972146
47,بانک انصار,بانک انصار,Ansar Bank,بانک انصار,بانک انصار,Ansar Bank,,,POINT (50.0075344 36.27724249999999),Q5862675,0.0,50.0075344,36.27724249999999
48,بانک دی,بانک دی,Bank Day,بانک دی,بانک دی,Bank Day,,,POINT (50.0081797 36.2769914),Q5942230,0.0,50.0081797,36.2769914
49,بانک صادرات,,Bank Saderat Iran,بانک صادرات,,Bank Saderat Iran,,,POINT (50.0087153 36.274011399999985),Q2882608,0.0,50.0087153,36.274011399999985
50,موسسه اعتباری کوثر,,Kosar Financial Institute,,,,,,POINT (50.0087956 36.2739317),,0.0,50.0087956,36.2739317
51,بانک ملت,,Bank Mellat,بانک ملت,,Bank Mellat,,,POINT (50.0080103 36.26884539999999),Q4855944,0.0,50.0080103,36.26884539999999
52,پست بانک,,Post Bank of Iran,پست بانک,,Post Bank of Iran,,,POINT (50.0152415 36.2672112),Q7233625,0.0,50.0152415,36.2672112
53,بانک تجارت,,Tejarat Bank,بانک تجارت,,,,,POINT (50.0109812 36.267991900000006),Q7695198,0.0,50.0109812,36.267991900000006
54,بانک کشاورزی,,Bank Keshavarzi Iran,بانک کشاورزی,,Bank Keshavarzi Iran,,,POINT (50.0118891 36.2679563),Q6395007,0.0,50.0118891,36.2679563
55,بانک انصار,,Ansar Bank,بانک انصار,,,,,POINT (50.0119651 36.2679441),Q5862675,0.0,50.0119651,36.2679441
56,بانک ملی,,Bank Melli Iran,بانک ملی,,Bank Melli Iran,,,POINT (50.01052790000001 36.2680794),Q806640,0.0,50.01052790000001,36.2680794
57,بانک ملی,,Bank Melli Iran,بانک ملی,,Bank Melli Iran,,,POINT (50.0148936 36.267247999999995),Q806640,0.0,50.0148936,36.267247999999995
58,بانک صادرات,,Bank Saderat Iran,بانک صادرات,,Bank Saderat Iran,yes,,POINT (50.0267644 36.3061461),Q2882608,0.0,50.0267644,36.3061461
59,بانک ملت,,Bank Mellat,بانک ملت,,Bank Mellat,,,POINT (50.0116719 36.31927300000001),Q4855944,0.0,50.0116719,36.31927300000001
60,بانک توسعه تعاون,,TT Bank,بانک توسعه تعاون,,,,,POINT (50.0104297 36.2853155),Q5684450,0.0,50.0104297,36.2853155
61,بانک سپه,,Bank Sepah,بانک سپه,,Bank Sepah,,,POINT (50.0037836 36.2782156),Q2882624,0.0,50.0037836,36.2782156
62,بانک حکمت ایرانیان,,Hekmat Iranian Bank,,,,,,POINT (49.9985767 36.2773292),,0.0,49.9985767,36.2773292
63,بانک ملت,,Bank Mellat,بانک ملت,,Bank Mellat,,,POINT (49.9985359 36.27712459999999),Q4855944,0.0,49.9985359,36.27712459999999
64,پست بانک,,Post Bank of Iran,پست بانک,,Post Bank of Iran,,,POINT (50.0052493 36.26756590000001),Q7233625,0.0,50.0052493,36.26756590000001
65,بانک رفاه,,Refah Bank,بانک رفاه,,Refah Bank,,,POINT (50.0184268 36.27882300000001),Q7307083,0.0,50.0184268,36.27882300000001
66,بانک کشاورزی,,Bank Keshavarzi Iran,بانک کشاورزی,,Bank Keshavarzi Iran,,,POINT (49.9968616 36.27071170000001),Q6395007,0.0,49.9968616,36.27071170000001
67,بانک  رفاه,,Refah Bank,,,,yes,,POINT (49.9967924 36.3236654),,0.0,49.9967924,36.3236654
68,بانک کشاورزی,,Bank Keshavarzi Iran,,,,,,POINT (49.99120210000001 36.3113699),,0.0,49.99120210000001,36.3113699
69,بانک ملی,,Bank Melli Iran,بانک ملی,,Bank Melli Iran,,,POINT (49.9912581 36.311687199999994),Q806640,0.0,49.9912581,36.311687199999994
70,بانک صادرات,,Bank Saderat Iran,بانک صادرات,,Bank Saderat Iran,,,POINT (49.9910553 36.311190500000016),Q2882608,0.0,49.9910553,36.311190500000016
71,بانک قرض الحسنه مهر ایران,بانک قرض الحسنه مهر ایران,Qarz Al-Hasaneh Mehr Iran Bank,بانک قرض الحسنه مهر ایران,بانک قرض الحسنه مهر ایران,Qarz Al-Hasaneh Mehr Iran Bank,,,POINT (49.9909563 36.31111539999999),Q18327813,0.0,49.9909563,36.31111539999999
72,بانک مسکن,,Bank Maskan,بانک مسکن,,Bank Maskan,,,POINT (49.9920567 36.307339),Q4855942,0.0,49.9920567,36.307339
73,بانک صادرات,,Bank Saderat Iran,بانک صادرات,,Bank Saderat Iran,,,POINT (49.9908293 36.2710416),Q2882608,0.0,49.9908293,36.2710416
74,بانک سپه,,Bank Sepah,بانک سپه,,Bank Sepah,,,POINT (49.9911417 36.2709942),Q2882624,0.0,49.9911417,36.2709942
75,بانک تجارت,,Tejarat Bank,بانک تجارت,,,yes,,POINT (50.0191249 36.2664569),Q7695198,0.0,50.0191249,36.2664569
76,بانک ملی ایران,,Bank Melli Iran,بانک ملی ایران,,Bank Melli Iran,,,POINT (50.0086567 36.2910352),Q806640,0.0,50.0086567,36.2910352
77,بانک مهر ایران,,Bank mehr iran,,,,,,POINT (50.00231840000001 36.287548199999996),,0.0,50.00231840000001,36.287548199999996
78,بانک سپه,,Bank Sepah,بانک سپه,,Bank Sepah,,,POINT (50.025194400000004 36.31021530000001),Q2882624,0.0,50.025194400000004,36.31021530000001
79,بانک سپه,,Bank Sepah,,,,,,POINT (50.0011155 36.28402940000001),,0.0,50.0011155,36.28402940000001
80,بانک ملی,,Bank Melli Iran,بانک ملی,,Bank Melli Iran,yes,1,POINT (50.01687095 36.3008385),Q806640,173.97528257841319,50.01687095,36.3008385
81,بانک شهر,,Shahr Bank,بانک شهر,,Shahr Bank,yes,4,POINT (50.00855375187691 36.282110587642926),Q5941033,410.46966211949245,50.00855375187691,36.282110587642926
82,بانک سپه,بانک سپه,Bank Sepah,بانک سپه,بانک سپه,Bank Sepah,,2,POINT (50.01692303913124 36.27883461709107),Q2882624,258.3212184985198,50.01692303913124,36.27883461709107
83,بانک ملی,,Bank Melli Iran,بانک ملی,,Bank Melli Iran,,6,POINT (50.01287673663475 36.28035986202005),Q806640,802.6136226980645,50.01287673663475,36.28035986202005
84,بانک صادرات,بانک صادرات,Bank Saderat Iran,بانک صادرات,بانک صادرات,Bank Saderat Iran,yes,3.5,POINT (50.018178709755574 36.279147104710674),Q2882608,1928.1973983202374,50.018178709755574,36.279147104710674
85,بانک سپه,,Bank Sepah,بانک سپه,,Bank Sepah,yes,3,POINT (50.009815353708404 36.27826640062718),Q2882624,218.25482111102917,50.009815353708404,36.27826640062718
86,بانک کشاورزی,بانک کشاورزی,Bank Keshavarzi Iran,بانک کشاورزی,بانک کشاورزی,Bank Keshavarzi Iran,yes,4,POINT (50.00727403044605 36.27413400543658),Q6395007,936.6261275209,50.00727403044605,36.27413400543658
87,بانک سپه,,Bank Sepah,بانک سپه,,Bank Sepah,yes,3,POINT (50.006895281937354 36.27720274211765),Q2882624,145.2627932562762,50.006895281937354,36.27720274211765
88,بانک سپه,,Bank Sepah,بانک سپه,,Bank Sepah,yes,5,POINT (50.00441471723104 36.269886482753385),,437.61821269661044,50.00441471723104,36.269886482753385
89,بانک ملی,,Bank Melli Iran,بانک ملی,,Bank Melli Iran,yes,7,POINT (50.016918239265166 36.265781888677424),Q806640,773.5396857355224,50.016918239265166,36.265781888677424
90,بانک آینده,,Ayandeh Bank,بانک آینده,,Ayandeh Bank,,3,POINT (50.00906926588345 36.27707645192995),Q5938144,266.32186982765194,50.00906926588345,36.27707645192995
91,بانک پاسارگاد,,Bank Pasargad,بانک پاسارگاد,,Bank Pasargad,yes,2,POINT (50.01397426458201 36.280484742659844),Q4855962,154.89458659042666,50.01397426458201,36.280484742659844
92,بانک ملی,,Bank Melli Iran,بانک ملی,,Bank Melli Iran,yes,2,POINT (50.017683701010675 36.27842495296494),Q806640,309.30516299714816,50.017683701010675,36.27842495296494
93,بانک ملت,,Bank Mellat,بانک ملت,,Bank Mellat,yes,3,POINT (50.00966079024725 36.277654060049265),Q4855944,157.12399303690526,50.00966079024725,36.277654060049265
94,بانک مهر اقتصاد,,Mehr Eqtesad Bank,بانک مهر اقتصاد,,,yes,3,POINT (50.00920608613945 36.277776930403114),Q5942921,217.9029986482769,50.00920608613945,36.277776930403114
95,بانک اقتصاد نوین,,EN Bank,بانک اقتصاد نوین,,EN Bank,yes,2,POINT (50.00795481178819 36.2703572605326),Q5323768,214.51408182881613,50.00795481178819,36.2703572605326
96,بانک کشاورزی,,Bank Keshavarzi Iran,بانک کشاورزی,,Bank Keshavarzi Iran,yes,3,POINT (49.987240032045534 36.26125433139035),Q6395007,464.2404954687852,49.987240032045534,36.26125433139035
97,بانک تجارت,,Tejarat Bank,بانک تجارت,,,yes,6,POINT (50.006083414814434 36.26922390754845),Q7695198,791.3085044834913,50.006083414814434,36.26922390754845
98,بانک ملی,,Bank Melli Iran,بانک ملی,,Bank Melli Iran,yes,3,POINT (50.00538280259633 36.26879451206454),Q806640,1340.897974264456,50.00538280259633,36.26879451206454
99,بانک کشاورزی,,Bank Keshavarzi Iran,بانک کشاورزی,,Bank Keshavarzi Iran,yes,1,POINT (50.00394990212788 36.28415098791556),Q6395007,310.71156568869316,50.00394990212788,36.28415098791556
100,بانک ملی,,Bank Melli Iran,بانک ملی,,Bank Melli Iran,yes,4,POINT (50.00957724565611 36.279907443785625),Q806640,330.3356458846771,50.00957724565611,36.279907443785625
101,بانک ملت,,Bank Mellat,بانک ملت,,Bank Mellat,yes,8,POINT (50.01305080467569 36.30798046850072),Q4855944,566.7340030364196,50.01305080467569,36.30798046850072
102,بانک مسکن,,Bank Maskan,بانک مسکن,,Bank Maskan,yes,3,POINT (50.00730490403556 36.269079833038404),Q4855942,1142.8482320298467,50.00730490403556,36.269079833038404
103,بانک تجارت,,Tejarat Bank,بانک تجارت,,,yes,2.5,POINT (50.00910528600154 36.27720229809948),Q7695198,210.50877140668098,50.00910528600154,36.27720229809948
104,بانک مسکن,بانک مسکن خیام شمالی قزوین,Bank Maskan,بانک مسکن,,Bank Maskan,yes,3.1,POINT (50.00943214886806 36.2789008563346),Q4855942,211.1399282153224,50.00943214886806,36.2789008563346
105,بانک سرمایه,,Sarmayeh Bank,بانک سرمایه,,Sarmayeh Bank,yes,3,POINT (50.00938764113236 36.27874577840566),Q7424291,280.2426166353431,50.00938764113236,36.27874577840566
106,بانک سپه,بانک سپه,Bank Sepah,بانک سپه,بانک سپه,Bank Sepah,,3,POINT (50.01135894543053 36.26818060780431),Q2882624,264.6419628850825,50.01135894543053,36.26818060780431
107,بانک ملی,,Bank Melli Iran,بانک ملی,,Bank Melli Iran,,2,POINT (50.008476523206845 36.27338740900564),Q806640,354.8540229058694,50.008476523206845,36.27338740900564
108,بانک سرمایه,بانک سرمایه,Sarmayeh Bank,بانک سرمایه,بانک سرمایه,Sarmayeh Bank,,1,POINT (50.00735743319531 36.277168408314694),Q7424291,167.91312660296575,50.00735743319531,36.277168408314694
109,بانک صادرات,بانک صادرات,Bank Saderat Iran,بانک صادرات,بانک صادرات,Bank Saderat Iran,,2,POINT (50.007952881324975 36.28218207659083),Q2882608,257.37238884339104,50.007952881324975,36.28218207659083
