,name,name:fa,name:en,addr:street,geometry,religion,lon,lat
0,سجادیه,,Sajadiye Mosque,,POINT (50.0107014 36.2559632),muslim,50.0107014,36.2559632
1,حلیمه و رمیمه خاتون,,Halime khatun,,POINT (49.9989704 36.2730441),muslim,49.9989704,36.2730441
2,مسجد حضرت فاطمه زهرا,,Masjed Hazrate Fateme Zahra,,POINT (50.001296 36.2723514),muslim,50.001296,36.2723514
3,ملاباشی,,Molabashi,,POINT (50.0023421 36.2715494),muslim,50.0023421,36.2715494
4,حسینیه رضوی,,Hoseynie Razavi,,POINT (50.0000118 36.2738423),muslim,50.0000118,36.2738423
5,سوخته چنار,,Soukhte chenar Mosque,,POINT (50.0037011 36.2735336),muslim,50.0037011,36.2735336
6,مسجد ستوده,,Sotudeh Mosque,,POINT (50.0032387 36.2739138),muslim,50.0032387,36.2739138
7,آقا سید علی,,Agha seyed Ali Mosque,,POINT (49.9985316 36.2702232),muslim,49.9985316,36.2702232
8,مسجد شیشه گر,,Shishegar Mosque,بوعلی سینا,POINT (49.9985248 36.2747812),muslim,49.9985248,36.2747812
9,امامزاده علی,,Emamzadeh Ali,,POINT (50.0107462 36.2626942),muslim,50.0107462,36.2626942
10,مسجد فاطمه الزهرای پونک,,Fatemeh AlZahra Mosque,بلوار نخبگان,POINT (50.0314173 36.3109377),muslim,50.0314173,36.3109377
11,حاج موسی,,Haj Mousa,sa'adiسعدی,POINT (49.9972016 36.2713907),muslim,49.9972016,36.2713907
12,مسجد حاج کاظم,,Haj Kazem Mosque,,POINT (49.9993889 36.2764346),muslim,49.9993889,36.2764346
13,مسجد امام حسن عسگری (ع),,Imamا Hasan Asgari Mosque,بلوار رزمندگان,POINT (50.0033259 36.3091663),muslim,50.0033259,36.3091663
14,امامزاده اسماعیل,,Emamzadeh Esmaeil,,POINT (50.0023529 36.2648372),muslim,50.0023529,36.2648372
15,مسجد ثاراالله,,Sar Allah Masque,,POINT (50.0025879 36.2802969),muslim,50.0025879,36.2802969
16,امامزاده آمنه خاتون,,Ameneh Khatoon,,POINT (50.0100324 36.2654177),muslim,50.0100324,36.2654177
17,مسجد محمدیه,,Mohammadie Mosque,,POINT (50.0060046 36.2633958),muslim,50.0060046,36.2633958
18,مسجد سبز,,Sabz Mosque,,POINT (49.9952259 36.2632542),muslim,49.9952259,36.2632542
19,Station ۴,,,,POINT (49.9977193 36.2782377),muslim,49.9977193,36.2782377
20,Station ۲,,,,POINT (49.998247 36.2668964),muslim,49.998247,36.2668964
21,مسجد امام جعفر صادق,,Imam Jafar Sadegh Mosque,بلوار دانشگاه بین‌المللی امام خمینی,POINT (50.0129348 36.3104879),muslim,50.0129348,36.3104879
22,مسجد جواد الائمه,,Javad Aemmeh Mosque,,POINT (50.027772 36.3034303),muslim,50.027772,36.3034303
23,مسجد امام حسین,,Imam Hossein Mosque,,POINT (50.0123429 36.2681785),muslim,50.0123429,36.2681785
24,مسجد ابوالفضل,,Abolfazl Mosque,,POINT (50.022794 36.2723402),muslim,50.022794,36.2723402
25,مکتب الزهرا,,Maktab Zehra,,POINT (50.020388 36.2789456),,50.020388,36.2789456
26,مسجد احمد بیک,,Ahmad Beik Mosque,,POINT (49.9975522 36.2772944),muslim,49.9975522,36.2772944
27,مسجد المهدی,,Almahdi Mosque,,POINT (50.0082796 36.2718099),muslim,50.0082796,36.2718099
28,مسجد فاطمه زهرا,,Fateme Zahra Mosque,,POINT (49.9917254 36.2997626),muslim,49.9917254,36.2997626
29,مسجد راه چمان,,Rah Chaman Mosque,,POINT (50.0098543 36.2590818),muslim,50.0098543,36.2590818
30,مسجد هفت درب,,Haft Dar Mosque,,POINT (50.0002068 36.2650547),muslim,50.0002068,36.2650547
31,مسجد,,Mosque,,POINT (50.0178633 36.2740592),muslim,50.0178633,36.2740592
32,مسجد لعل,,Laal Mosque,,POINT (49.9967591 36.2599463),muslim,49.9967591,36.2599463
33,مسچد امام حسن,,Imam Hassan Mosque,,POINT (49.9985806 36.2723771),muslim,49.9985806,36.2723771
34,مسجد چهارده معصوم,,14th Masoom Mosque,,POINT (49.9988891 36.2880926),muslim,49.9988891,36.2880926
35,مسجد امامیه,,,,POINT (49.9946687 36.2601421),,49.9946687,36.2601421
36,مسجد امام علی,,Emam Ali Mosque,,POINT (49.9875314 36.3266128),,49.9875314,36.3266128
37,مسجد صاحب‌الزمان عج.,,,,POINT (50.0225501 36.2929384),muslim,50.0225501,36.2929384
38,درب آشپزخانه مسجد صالحيه,,,,POINT (49.9958412 36.267204),muslim,49.9958412,36.267204
39,مسجد میمنت (امام صادق(ع),,,شهید جعفری,POINT (49.9975596 36.2637256),muslim,49.9975596,36.2637256
40,Abul Fazl (AS) Mosque,مسجد حضرت ابوالفضل,,,POINT (50.0242641 36.3085912),muslim,50.0242641,36.3085912
41,حسینیه مرحوم سید باقر محمدی نسب,,,,POINT (50.0002029 36.2670014),muslim,50.0002029,36.2670014
42,مسجد فاطمه الزهراء,,,,POINT (50.0152014 36.3077123),muslim,50.0152014,36.3077123
43,حسینیه امام علی,,,,POINT (49.9931118 36.3202496),muslim,49.9931118,36.3202496
44,حسینیه آیت الله سامت (ره),,,,POINT (50.0020811 36.2713821),,50.0020811,36.2713821
45,مسجد غدیر,,Qadir mosque,,POINT (50.01870669296046 36.299162099102666),muslim,50.01870669296046,36.299162099102666
46,مسجد امام رضا (علیه‌السلام),,Imam Reza Mosque,,POINT (50.02088843765698 36.29576739537887),muslim,50.02088843765698,36.29576739537887
47,مسجد ولایت,,Velayat,,POINT (50.011537891892864 36.28788858543747),muslim,50.011537891892864,36.28788858543747
48,مسجد محمد رسول الله,,Mohammad Rasolallah Mosque,,POINT (50.013833123199966 36.28006084358836),muslim,50.013833123199966,36.28006084358836
49,امامزاده حسین,,Emamzadeh Hossein shrine,,POINT (50.000666431237946 36.257211881998124),muslim,50.000666431237946,36.257211881998124
50,مسجد سنجیده,,Sanjideh Mosque,,POINT (50.007836940904625 36.255106061528835),muslim,50.007836940904625,36.255106061528835
51,مسجد پنجه علی,,Panje Ali Mosque,,POINT (50.00234735912997 36.266633174511746),muslim,50.00234735912997,36.266633174511746
52,حسینیه حضرت ابوالفضل,,Hazrat Abolfazl,,POINT (50.01051906407218 36.30021803883784),muslim,50.01051906407218,36.30021803883784
53,آرامگاه چهار انبیاء,,Tomb of The Four Prophets,,POINT (50.002946898500056 36.26841283484315),muslim,50.002946898500056,36.26841283484315
54,مسجد امام خمینی,,Emam Khomeini Mosque,,POINT (50.00137805 36.29689105),,50.00137805,36.29689105
55,امامزاده سلطان سید محمد,,Emamzadeh Soltan Seyed Mohamad,,POINT (49.99204293659658 36.26388087047175),muslim,49.99204293659658,36.26388087047175
56,مسجد جامع المهدی مینودر,,Al Mahdi Mosque,,POINT (49.98958433563018 36.31116591322075),muslim,49.98958433563018,36.31116591322075
57,مسجد امام جعفر صادق(ع),,,بلوار دانشگاه بین‌المللی امام خمینی,POINT (50.01292673175208 36.3104528045452),muslim,50.01292673175208,36.3104528045452
58,,,,,POINT (50.01593094316043 36.2872596140569),,50.01593094316043,36.2872596140569
59,مسجدالنبی,,Nabi Mosque,,POINT (49.99901384528769 36.268257539421974),muslim,49.99901384528769,36.268257539421974
60,مسجد جامع عتیق,,Jameh Mosque of Qazvin,,POINT (50.00193916259677 36.26102310738666),muslim,50.00193916259677,36.26102310738666
61,مسجد شیخ الاسلام,,Sheykhol Eslam Mosque,,POINT (50.004383322834826 36.2643075397962),,50.004383322834826,36.2643075397962
62,مسجد ولیعصر,,Valiasr Mosque,,POINT (50.017873425692564 36.266276348839895),,50.017873425692564,36.266276348839895
63,مسجد جوادالائمه,,JavadolAemmeh Mosque,,POINT (49.99758565261708 36.272842573639856),,49.99758565261708,36.272842573639856
64,مسجد طفلان مسلم,,Teflane Moslem Mosque,,POINT (50.0010573538874 36.25034657786941),,50.0010573538874,36.25034657786941
65,مسجد طاق بهلول مکتب الزهرا,,Tagh Bohloul Mosque,,POINT (50.00440353486411 36.25814660340166),,50.00440353486411,36.25814660340166
66,مسجد شهید ثالث,,Shahid Sales Mosque,,POINT (50.00162033164705 36.258802529170495),,50.00162033164705,36.258802529170495
67,مسجد دباغان,,Dabbaghan Mosque,,POINT (49.99995034318045 36.259130049407936),,49.99995034318045,36.259130049407936
68,مسجد حاج ملاآقا,,Haj Molla Aqa Mosque,,POINT (50.000110255142395 36.2697242929092),,50.000110255142395,36.2697242929092
69,مسجد کریم اهل بیت,,Karim Ahle Beyt Mosque,,POINT (49.990114851324435 36.27498862321535),,49.990114851324435,36.27498862321535
70,مسجد قدس رضوی,,Ghods Razavi Mosque,,POINT (50.01679270703144 36.275926310440106),,50.01679270703144,36.275926310440106
71,مسجد عدل قائم,,Adl Ghaem Mosque,,POINT (50.00628268341875 36.27809155427159),,50.00628268341875,36.27809155427159
72,مسجد حضرت ابوالفضل,,Hazrat Abolfazl Mosque,,POINT (49.99847817383078 36.281503158671306),,49.99847817383078,36.281503158671306
73,مسجد امام موسی جعفر,,Imam Musa Bn Ja'far Mosque,,POINT (50.001514468430834 36.28820178212144),,50.001514468430834,36.28820178212144
74,مسجد سیدالشهدا,,Seyedoshohada Mosque,,POINT (49.99821672243237 36.28959492272296),,49.99821672243237,36.28959492272296
75,مسجد صاحب الزمان,,Sahebazaman Mosque,,POINT (49.99942528547154 36.29064033837748),,49.99942528547154,36.29064033837748
76,مسجد امام حسین,,Imam Hosein Mosque,,POINT (49.99910699706973 36.291522116190364),,49.99910699706973,36.291522116190364
77,مسجد حضرت مهدی,,Hazrat Mahdi Mosque,,POINT (50.006886582981615 36.2915659709788),,50.006886582981615,36.2915659709788
78,مسجد صاحب الزمان,,Sahebazaman Mosque,,POINT (50.00798865660955 36.2952032855706),,50.00798865660955,36.2952032855706
79,مسجد مسلم بن عقیل,,Moslem ebn Aghil Mosque,,POINT (49.98693074842776 36.321991448659084),,49.98693074842776,36.321991448659084
80,مسجد امام هادی,,Imam Hadi Mosque,,POINT (50.00071824355555 36.31712040404389),,50.00071824355555,36.31712040404389
81,مسجد فاطمه زهرا,,Fatemeh Al-Zahra Mosque,,POINT (50.026064236494705 36.31237869314739),,50.026064236494705,36.31237869314739
82,مسجد صاحب الزمان,,Sahebazaman Mosque,,POINT (50.020080534600424 36.31017285803251),,50.020080534600424,36.31017285803251
83,مسجد امام حسن عسگری,,Imam Hasan Asgari Mosque,,POINT (50.0178773918557 36.308082726669554),,50.0178773918557,36.308082726669554
84,مسجد امام حسین,,Imam Hosein Mosque,,POINT (50.00679501237108 36.244472170314104),,50.00679501237108,36.244472170314104
85,مسجد جواد الائمه,,JavadoAemeh Mosque,,POINT (50.00558789356016 36.24814339742096),,50.00558789356016,36.24814339742096
86,مسجد حسینی,,Hossein Mosque,,POINT (50.00471235334238 36.250331665386284),,50.00471235334238,36.250331665386284
87,مسجد خواجه شهدا,,Khajeh Shohada Mosque,,POINT (49.99080321254382 36.26114925528951),,49.99080321254382,36.26114925528951
88,مسجد حضرت فاطمه زهرا,,Fatemeh Zahra Mosque,,POINT (49.9851623680212 36.25953530850777),,49.9851623680212,36.25953530850777
89,مسجد آقا میرعبدالصمد تقوی,,AghaMirAbdolSamad Taghavi Mosque,,POINT (49.99780899885943 36.2621226049184),,49.99780899885943,36.2621226049184
90,مسجد شهید ثالث,,Shahid thales Mosque,,POINT (49.99670943509701 36.26793363301575),,49.99670943509701,36.26793363301575
91,مسجد چهارده معصوم,,Chahardah Masoum Mosque,,POINT (49.99359284886826 36.265797330002755),,49.99359284886826,36.265797330002755
92,مسجد حاج غلامحسین توحید,,Haj GholamHosein Mosque,,POINT (49.9931181383814 36.26721868425566),,49.9931181383814,36.26721868425566
93,مسجد حجتی,,Hojjati Mosque,,POINT (49.99499547969556 36.270693559070324),,49.99499547969556,36.270693559070324
94,مسجد محمدخان بیگ,,Mohammad Khan Beg Mosque,,POINT (49.994051962166246 36.27429883914203),,49.994051962166246,36.27429883914203
95,مسجد ملکی جنوبی,,Maleki Jonoubi Mosque,,POINT (49.997223100037516 36.27478787104953),,49.997223100037516,36.27478787104953
96,مسجد ملکی شمالی,,Maleki Shomali Mosque,,POINT (49.997455176082546 36.2753506590197),,49.997455176082546,36.2753506590197
97,حسینیه مسلم ابن عقیل,,Molem ebn Aghil Hosseinieh,,POINT (49.99155745178975 36.292979821613),,49.99155745178975,36.292979821613
98,حسینیه یادگار امام,,Yadegar Imam Hosseinieh,,POINT (50.02642825762715 36.318034296696894),,50.02642825762715,36.318034296696894
99,مسجد شهید آیت اله دستغیب,,Dastgheyb Mosque,,POINT (49.99619658447521 36.26834205433692),,49.99619658447521,36.26834205433692
100,حسینیه آقاسیدجمال,,Agha Seyyed Jamal Hosseinieh,,POINT (50.00017145901467 36.261834931590506),,50.00017145901467,36.261834931590506
